,x,y,z,radii,Unclassified Genus (Pseudomonadaceae),Staphylococcus,Unclassified Genus (Enterobacteriaceae),Pseudomonas,Unclassified Genus (Xanthomonadaceae),Streptococcus,Achromobacter,Unclassified Genus (Lachnospiraceae),Unclassified Genus (Gemellaceae),Unclassified Genus (Bradyrhizobiaceae),Rothia,Granulicatella,Faecalibacterium,Porphyromonas,Unclassified Genus (Comamonadaceae),Prevotella,Veillonella,Unclassified Genus [Prevotella],Neisseria,Ralstonia,Fusobacterium,Mycobacterium,Acinetobacter,Actinomyces,Campylobacter,Cloacibacterium,Roseburia,Haemophilus,Bacteroides,Unclassified Genus [Barnesiellaceae],Bacillus,Leptotrichia,Stenotrophomonas,Conchiformibius,Alicycliphilus,Unclassified Genus (Rhizobiaceae),Unclassified Genus (Planococcaceae),Aggregatibacter,Unclassified Genus (Leptotrichiaceae)
10169.patient4.5A1,109.416118,-192.397816,308.541395,20,0.952644455,0.00029124,5.82E-05,0.007572227,5.82E-05,0.020095527,0,0,0,0,0.000349487,0,0,5.82E-05,0.00029124,0.004659832,0.005650047,0,0,0,0,0,0.00110671,0,0,0.002854147,0,0.001339702,0,0,0,0,0.002737651,0,0.000232992,0,0,0,0
10169.patient4.5A2,127.274204,-186.669483,308.541395,20,0.947797357,0.00027533,0.001872247,0.007488987,0,0.021200441,0,0,0.001211454,0,0.003744493,0.001376652,0,0,0,0.003193833,0.001101322,0.002202643,0.001156388,0,0.004625551,0,0,0,0,0,0.002753304,0,0,0,0,0,0,0,0,0,0,0,0
10169.patient4.5A3,141.802414,-169.558202,308.541395,20,0.985844942,0.001435205,0.000196989,0.005853384,0,0.001378922,0,0.001210075,0,0,0.001350781,0,0,0,0.001041227,0.000619108,0,0,0,5.63E-05,0,0.000253271,0.000365836,0,0,0,0.000196989,0,0,0,0,0,0,0,0.000196989,0,0,0,0
10169.patient4.5A4,146.726785,-154.762413,308.541395,20,0.988057604,0.000386372,0.000140499,0.007200562,0,0.002283105,0,0,0,0.000351247,0,3.51E-05,0,0,0.000491746,0,3.51E-05,0,0.000632244,0.000280998,0,0,0,0,0,0,0,7.02E-05,0,0,0,0,0,0,0,3.51E-05,0,0,0
10169.patient4.5A5,93.921703,-174.001282,308.541395,20,0.990975616,0.000155147,0.000155147,0.006102449,0,0.000413725,0,0.001111887,0,0.000206863,0,0,0,0.000129289,2.59E-05,0,0,0,0,0.000310294,0,0,0,0,0,2.59E-05,0,0,0,0,0,0,0.000232721,0,0.000155147,0,0,0,0
10169.patient4.5A6,99.069956,-149.814897,308.541395,20,0.989341039,0.000779339,0.000227807,0.00788931,1.20E-05,0,2.40E-05,3.60E-05,0,0,0,0,0,0,0.000107908,0,0,0,0,0.001091075,0,0,0,0,0,0,0,0,0,0,1.20E-05,1.20E-05,0.000467603,0,0,0,0,0,0
10169.patient4.5A7,115.698819,-135.829137,308.541395,20,0.984523965,0.001110095,0,0.008031866,6.53E-05,0,0,0.000848896,0,0,0.000522398,0,0,0.001436594,0,0,0,0,0.000783597,0.000326499,0,0,0,0,0,0,0,0.001110095,0,0.001240695,0,0,0,0,0,0,0,0,0
10169.patient4.5A8,118.227471,-211.781909,265.20421,20,1,0,0,0,0,0,0,0,0,0,0,0,0,0,0,0,0,0,0,0,0,0,0,0,0,0,0,0,0,0,0,0,0,0,0,0,0,0,0
10169.patient4.5A9,116.860756,-170.708084,265.20421,20,0.989799781,0.000778161,6.31E-05,0.00792883,4.21E-05,0,8.41E-05,0.000694036,0,0,2.10E-05,0,0,0,0.000189282,0,0.000189282,0,0,4.21E-05,2.10E-05,0,0,0,0,0,2.10E-05,0.000105157,0,0,0,0,2.10E-05,0,0,0,0,0,0
10169.patient4.5A10,126.60536,-128.769758,265.20421,20,0.987642298,0.003895363,0,0.007320595,0,0.000402969,3.36E-05,0,0,0,0,0,0,0,0.000134323,0,0,0,0.00047013,3.36E-05,0,0,0,0,0,0,0,0,0,0,0,0,0,0,6.72E-05,0,0,0,0
10169.patient4.5A11,85.387476,-207.421908,265.20421,20,0.992007959,0.000232134,0,0.007594097,6.63E-05,6.63E-05,0,0,0,0,0,3.32E-05,0,0,0,0,0,0,0,0,0,0,0,0,0,0,0,0,0,0,0,0,0,0,0,0,0,0,0
10169.patient4.5A12,74.691752,-165.696253,265.20421,20,0.99093124,0.000270709,3.38E-05,0.006869247,0,0.000778289,0,0,0,0.000372225,0,0,0.000541419,0,0,0,0,0,0,3.38E-05,0,0,0,0,0,0.000169193,0,0,0,0,0,0,0,0,0,0,0,0,0
10169.patient4.5B1,90.273749,-119.538813,265.20421,20,0.990157074,8.84E-05,5.89E-05,0.008015796,0,0.000383108,0,0.000206289,0,0.000117879,0,0,0,0,5.89E-05,5.89E-05,0,0.000176819,0,0.000412578,0,2.95E-05,0,0,0,0,0.000235759,0,0,0,0,0,0,0,0,0,0,0,0
10169.patient4.5B12,86.637142,-112.566078,231.651043,20,0.983659804,0.005846492,0.000224865,0.007320608,0,0.001649011,0,0,0,0.000374775,0,2.50E-05,0,0.000174895,0.0004997,0,0,0,0,0.000174895,2.50E-05,2.50E-05,0,0,0,0,0,0,0,0,0,0,0,0,0,0,0,0,0
10169.patient4.5B2,114.492175,-236.117588,231.651043,20,0.991407947,0.000159704,6.39E-05,0.007442187,0,0.000351348,0,0,0,0,0,3.19E-05,0,0,6.39E-05,0,0,0,0,9.58E-05,0,0,0,3.19E-05,0,0,0,0.000127763,0,0,0,0,0,0,0.000223585,0,0,0,0
10169.patient4.5B3,105.433671,-213.346871,231.651043,20,0.988358747,0.00122971,0,0.007132317,4.10E-05,0.00122971,8.20E-05,0,0,0,0,0,0,0,0.000122971,0.000327923,0,0,4.10E-05,8.20E-05,0,0.000163961,0,0,0,0.001188719,0,0,0,0,0,0,0,0,0,0,0,0,0
10169.patient4.5B4,107.569842,-183.879843,231.651043,20,0.99251515,0.001003331,0,0.006180519,4.01E-05,4.01E-05,2.01E-05,2.01E-05,2.01E-05,0,0,0,0,4.01E-05,0,0.000100333,0,0,2.01E-05,0,0,0,0,0,0,0,0,0,0,0,0,0,0,0,0,0,0,0,0
10169.patient4.5B5,107.6446,-154.497432,231.651043,20,0.986130126,0.002095752,1.05E-05,0.007424648,0.00014744,0.001000484,2.11E-05,5.27E-05,5.27E-05,3.16E-05,0.000126377,3.16E-05,0.000105314,0,2.11E-05,0.000473914,3.16E-05,6.32E-05,0.000126377,0,0,0,0.001063673,3.16E-05,0,0.000315942,0,0,9.48E-05,0,0,0,2.11E-05,0,0.000526571,0,0,0,0
10169.patient4.5B6,119.344483,-136.708729,231.651043,20,0.968136779,0.022906548,0,0.008257237,0,1.94E-05,0,1.94E-05,1.94E-05,0,0,0,0,0,0,0.000330289,5.83E-05,0,1.94E-05,0,0,0,0,0,0,0,0,0,0,0.000136002,9.71E-05,0,0,0,0,0,0,0,0
10169.patient4.5B7,139.453018,-116.532632,231.651043,20,0.98601475,0.005528591,0,0.006898331,9.93E-05,0.000119108,0,0.000317621,0,0.000188587,0,0,0.000248141,0,1.99E-05,0,0.000119108,0,0,0.000178662,0.000178662,0,9.93E-06,0,0,0,0,0,5.96E-05,0,9.93E-06,0,0,0,0,0,9.93E-06,0,0
10169.patient4.5B8,84.742596,-229.967997,231.651043,20,0.982052897,0.00220403,0,0.006402183,0,7.00E-05,0,0.002868738,0,0.00129443,0,0,0,0,0.0009096,0,0,0,0,0.000559754,0,0.000209908,0,0,0,0.003358522,3.50E-05,0,0,0,0,0,0,0,0,3.50E-05,0,0,0
10169.patient4.5B9,72.49299,-203.66086,231.651043,20,0.988581078,0.001889751,0,0.0069961,0,0.00064332,0,0.000402075,0,0.00032166,0,0,0.000844357,0,0,0,0,0.00032166,0,0,0,0,0,0,0,0,0,0,0,0,0,0,0,0,0,0,0,0,0
10169.patient4.5B10,68.288801,-171.011555,231.651043,20,0.963394214,0.027903236,8.81E-05,0.007402675,0,0.000892287,0,0,0,2.20E-05,0,0,0,0,4.41E-05,1.10E-05,0,0,1.10E-05,0,0,0,0,0,0,3.30E-05,0,0,0.000154222,0,3.30E-05,0,0,0,0,0,1.10E-05,0,0
10169.patient4.5B11,71.406631,-137.507593,231.651043,20,0.984666233,0.007070871,2.71E-05,0.006881231,5.42E-05,0.000487646,2.71E-05,0.000352189,0,8.13E-05,0,0,0,0,2.71E-05,0,0,0,0,0,0.000108366,0,0,0,0,0,0,0,0,0,2.71E-05,0,0,0,0.00018964,0,0,0,0
10169.patient4.5C1,103.746158,-91.467644,231.651043,20,0.989619954,0.000953391,7.15E-05,0.006614151,1.19E-05,0.000595869,0,0.000262183,0.000262183,9.53E-05,0.000143009,0,0,0,0.000131091,0,0.000143009,0,0.000572035,8.34E-05,0,4.77E-05,0.000190678,0.000202596,0,0,0,0,0,0,0,0,0,0,0,0,0,0,0
10169.patient4.5C2,118.148669,-249.789095,208.450326,20,0.991840777,0.000471631,0,0.007263123,2.36E-05,0.000141489,0,0,0,0,0,0,0,0,0,0.000141489,2.36E-05,0,0,0,0,0,2.36E-05,0,0,0,0,0,0,0,0,0,0,0,7.07E-05,0,0,0,0
10169.patient4.5C3,99.751724,-223.139893,208.450326,20,0.976770727,0.015359376,0,0.007537031,0,0,0,0,2.38E-05,0,0,0,0.000118881,0,4.76E-05,0,7.13E-05,0,0,2.38E-05,0,0,0,0,0,0,0,0,0,0,4.76E-05,0,0,0,0,0,0,0,0
10169.patient4.5C4,104.160544,-188.737846,208.450326,20,0.972872185,0.019840109,2.44E-05,0.00704397,0,4.87E-05,2.44E-05,0,0,2.44E-05,0,0,0,0,0,0,0,0,0,2.44E-05,0,0,0,0,0,0,0,2.44E-05,0,0,2.44E-05,0,0,0,0,0,4.87E-05,0,0
10169.patient4.5C5,108.595415,-160.289318,208.450326,20,0.958788672,0.033271766,1.28E-05,0.007067364,0,0.000166744,1.28E-05,5.13E-05,0,0.00035914,0,0,0,0,2.57E-05,0,0,0,0,0,0,0,0,0,0,7.70E-05,0,0,0,0,8.98E-05,0,5.13E-05,0,0,0,2.57E-05,0,0
10169.patient4.5C6,122.149416,-136.254897,208.450326,20,0.941138972,0.039481513,0,0.006204845,4.25E-05,0.002889928,0,0,0,0.000977476,4.25E-05,0,0.001317467,0,0.001954951,0,0,0,0,0.002252444,0,0.000297493,0,0,0,0.00118997,0,0.002209945,0,0,0,0,0,0,0,0,0,0,0
10169.patient4.5C7,145.390814,-120.774581,208.450326,20,0.95218013,0.038258785,3.61E-05,0.006903624,7.22E-06,0.00079435,0,0.000678808,0,0.000296076,0,0,0,0,0.000303297,0,0,0,7.22E-06,0.000310519,0,0,7.22E-06,0,0,0,0,0,0,0,0.000115542,0,0,0,0,0,0.000101099,0,0
10169.patient4.5C8,91.241675,-248.739941,208.450326,20,0.953466365,0.037193993,0,0.006747583,0,0.000699445,0,0,0,0.000164575,0,0,0,0,0.000370294,0,0,0,0,0,0,0.000576013,4.11E-05,0.00032915,0,0.00032915,0,0,0,0,4.11E-05,0,0,0,0,0,4.11E-05,0,0
10169.patient4.5C9,71.657445,-218.827856,208.450326,20,0.779847009,0.212141229,0,0.005774435,0,0.000340926,0,0.000127847,0.000234387,0.000127847,0,0,0,0,0.000191771,0.000340926,0,0,0,0,0,0,0,0,0,0,0,0.000191771,0.000234387,0,0.000319618,0,0,0,0,0,0.000127847,0,0
10169.patient4.5C10,55.119415,-169.141132,208.450326,20,0.47202882,0.520281271,0,0.002909696,0,0,3.46E-05,6.93E-05,3.46E-05,0.001108455,0,0,0,0,0.000346392,0.000692785,0,0,0,0.000415671,0.000484949,0,0.000103918,0,0,0,0,0,0,0,0.001073816,0,0,0,0,0,0.000415671,0,0
10169.patient4.5C11,62.843231,-127.330302,208.450326,20,0.917412202,0.075186797,0,0.006692093,5.67E-05,0,0,0.000127603,0,0,0,0,0,0,0.000198494,1.42E-05,0,0,0,9.92E-05,0,0,0,0,0,0,0,0,4.25E-05,0,0.000141782,0,0,0,0,0,2.84E-05,0,0
10169.patient4.5C12,79.062026,-97.316734,208.450326,20,0.958665508,0.028223826,0.00026448,0.006574225,7.56E-05,0.001775796,0,0.000755658,0,0.00090679,0,0,0,0,0,0,0,0,0,0.000302263,0.000415612,0,7.56E-05,0,0,0,0,0,0,0,7.56E-05,0.00090679,0.000340046,0,0.000604526,0,3.78E-05,0,0
10169.patient4.5D1,102.923199,-83.947757,208.450326,20,0.915382244,0.05803021,0,0.008014797,7.71E-05,0.005625771,0.000154131,0.002234895,0,0,0,0,0,0,0.001926634,0.003467941,7.71E-05,0,0.003082614,0.00100185,0,0.000308261,0,0,0,0,0,0,0,0,0.000154131,0,0,0,0.000462392,0,0,0,0
10169.patient4.5D2,108.238537,-250.624163,167.747379,20,0.850021927,0.137845344,0.000760123,0.006636457,0,0.001607952,0,0.000818594,0.000467768,0,0.000964771,0,0,0,0,0,0,0,2.92E-05,0,0,0,0,0,0,0,0,0,0,0,0.000146177,0.000613945,0,0,0,0,8.77E-05,0,0
10169.patient4.5D3,96.58366,-221.503243,167.747379,20,0.955399776,0.015239256,0,0.007670426,0,5.08E-05,5.08E-05,0.007721223,0,0.001371533,0,0,0.002946256,0,5.08E-05,0,0,0,0,0.002946256,0,0.000711165,0,0.000253988,0,0,0.005486132,0,0,0,5.08E-05,0,0,0,0,0,5.08E-05,0,0
10169.patient4.5D4,123.716412,-265.523018,167.747379,20,0.978319543,0.000265475,0.000398212,0.006548383,0,0.0031857,0,0.00584045,0.001637096,0,0.000840671,0,0,0,0.001283129,0,0.000619442,0,0,0.000752179,0,0.000265475,0,0,0,0,0,0,0,0,0,0,0,0,0,4.42E-05,0,0,0
10169.patient4.5D5,92.196098,-259.027588,167.747379,20,0.974088661,0.00470846,0.001658326,0.006485238,0,0,0.000118452,0.001006841,0,0,0.004974977,0,0,0,0,0.003375877,0,0,0,0,0,0,0,0,0,0,0,0,0.003583168,0,0,0,0,0,0,0,0,0,0
10169.patient4.5D6,76.402612,-233.777863,167.747379,20,0.982820001,0.007470737,0,0.007632558,2.70E-05,0,0,0.000620314,0,0,0.000431523,0,0,0,0,0.000431523,0,0,0.000458493,2.70E-05,0,5.39E-05,0,0,0,0,0,0,0,0,2.70E-05,0,0,0,0,0,0,0,0
10169.patient4.5D7,95.027808,-197.2169,167.747379,20,0.987375883,0.003220324,0,0.007637087,1.12E-05,0.000547902,1.12E-05,0.000234815,0,0,0,0,0,0,0.000212452,0,0,0,0,0.000290724,0,0,0.00020127,0,0,0,0,0,0.000234815,0,0,0,1.12E-05,1.12E-05,0,0,0,0,0
10169.patient4.5D8,109.923385,-163.405787,167.747379,20,0.989064693,0.001698352,2.60E-05,0.007633919,2.60E-05,0.000337937,8.67E-06,0.000147306,0,0.000450583,0,0,0,0,8.67E-05,0,0,0,7.80E-05,6.93E-05,0,0,0,8.67E-06,0,9.53E-05,0,0,0.000103981,0,0,0,0,0,0,0,0,0.000164636,0
10169.patient4.5D9,114.19985,-137.931821,167.747379,20,0.991482066,0.001142982,0,0.007021172,0,0,0,0,0,8.16E-05,0,0,0,0,5.44E-05,0,0,0,0,0,0,0,0,0,0,8.16E-05,0,0,0,0,0,0.000108855,0,0,2.72E-05,0,0,0,0
10169.patient4.5D10,138.337929,-123.033292,167.747379,20,0.992568826,0.000451771,0,0.006702808,0,9.22E-06,1.84E-05,6.45E-05,0,4.61E-05,0,0,0,9.22E-06,3.69E-05,3.69E-05,0,0,0,2.77E-05,9.22E-06,0,0,0,0,0,0,0,9.22E-06,0,0,0,9.22E-06,0,0,0,0,0,0
10169.patient4.5D11,116.920393,-99.022353,167.747379,20,0.985977724,0.00555368,0,0.007517413,6.14E-05,0,0,0,0,9.20E-05,0,0,6.14E-05,0,0.000153417,0.00027615,0,0,0,0,0,0,0,0,0,0.000306833,0,0,0,0,0,0,0,0,0,0,0,0,0
10169.patient4.5D12,67.047295,-207.11441,167.747379,20,0.985327952,0.003551968,0,0.007487386,0,0.000161453,0,0.00110999,0.000766902,0.001150353,0,0,0,0,8.07E-05,0,0,0,0,0,0,0,0.000181635,0,0,0.000181635,0,0,0,0,0,0,0,0,0,0,0,0,0
10169.patient4.5E1,58.889673,-175.260011,167.747379,20,0.991315213,0.001055901,0,0.007320915,8.80E-06,7.04E-05,0,7.92E-05,0,6.16E-05,8.80E-06,0,0,0,0,0,0,0,0,1.76E-05,0,0,3.52E-05,0,0,8.80E-06,0,0,0,0,8.80E-06,0,0,0,8.80E-06,0,0,0,0
10169.patient4.5E2,56.450386,-147.433533,167.747379,20,0.990232841,0.002863006,2.53E-05,0.00671413,0,1.27E-05,1.27E-05,8.87E-05,0,0,0,0,0,0,1.27E-05,0,0,0,1.27E-05,0,0,1.27E-05,0,0,0,0,0,0,0,0,0,0,0,0,1.27E-05,0,0,0,0
10169.patient4.5E3,64.681961,-132.228363,167.747379,20,0.972577609,0.019765179,0,0.006684108,1.60E-05,0.00012762,1.60E-05,9.57E-05,0,0.000287145,0,0,0,7.98E-05,0,0,0,0,3.19E-05,6.38E-05,1.60E-05,0,0.000159525,0,0,0,0,0,0,0,6.38E-05,0,1.60E-05,0,0,0,0,0,0
10169.patient4.5E4,75.274281,-105.256664,167.747379,20,0.991445792,0.00099281,0,0.007130178,0,0,0,8.02E-05,0.000130369,9.03E-05,0,0,0,0,0,0,0,0,0,0,0,3.01E-05,0,0,0,4.01E-05,0,0,6.02E-05,0,0,0,0,0,0,0,0,0,0
10169.patient4.5E5,87.868841,-82.258026,167.747379,20,0.988662578,0.000815844,0,0.007314466,2.81E-05,0,0,0,0.000337591,0.000337591,0.000928375,0,0.001012772,0,0.000281326,0,0,0,0,0,0,0,0.00022506,0,0,0,0,2.81E-05,0,0,0,0,0,0,0,0,2.81E-05,0,0
10169.patient4.5E6,90.617134,-235.729858,126.640778,20,0.952007611,0.007249705,0.000196825,0.006708437,0,0.011875082,1.64E-05,0.001000525,0.001607401,0.000311639,0.000246031,0,0,0.002476709,0.00127936,0.007823776,0.001016927,0,0,0,0.001590999,0,0,0.001148143,0,0,1.64E-05,0.002230678,0,0,0.000606876,0,0,0,0.000590474,0,0,0,0
10169.patient4.5E7,63.152027,-198.473724,126.640778,20,0.9758909,0.01116162,0,0.010268691,8.12E-05,0.000202939,0,0.000446465,0,0.000487053,0,0,0,0,0.000121763,0.001217631,0,0,0,0,0,0,0,0,0,0,0,0,0,0,0,0,0.000121763,0,0,0,0,0,0
10169.patient4.5E8,91.093254,-270.099407,126.640778,20,0.978542159,0.00554543,0.000232675,0.008053153,0.001421905,0.001926035,0,0.001279715,1.29E-05,0.000775585,0,0,0,0,0,0,0,0,0,0,0.000891922,0.000129264,0,0,0,0,0.000491204,0,0,0,0,0,0.000374866,0,0.00032316,0,0,0,0
10169.patient4.5E9,62.41246,-243.663559,126.640778,20,0.958150872,0.024899735,0,0.007511019,0.00212576,0,0.000396809,0.000836132,0,0.003372872,0,0,0.000878647,0,0.000382637,0,0.000226748,0,1.42E-05,0,0,0,0,0,0,0,0,0,0,0,4.25E-05,0,0.000155889,0,0.00097785,1.42E-05,1.42E-05,0,0
10169.patient4.5E10,58.501232,-142.633224,126.640778,20,0.991765116,0.000295611,0,0.00717913,3.17E-05,0,2.11E-05,0,0.000116133,0.000221708,0,0,0,1.06E-05,3.17E-05,0,3.17E-05,0,0,1.06E-05,0,0,0,0,0,0,0,0,0,0,0,0.000242824,4.22E-05,0,0,0,0,0,0
10169.patient4.5E11,88.674803,-104.384818,126.640778,20,0.992047918,0.000143836,3.08E-05,0.006852763,2.05E-05,0.000133562,1.03E-05,0,0,0.0005137,0,0.000143836,0,0,7.19E-05,0,0,0,0,0,0,2.05E-05,0,0,1.03E-05,0,0,0,0,0,0,0,0,0,0,0,0,0,0
10169.patient4.5E12,119.535385,-127.651932,126.640778,20,0.968352553,0.013014943,0,0.006340613,0.001316326,0.005098446,1.85E-05,0,1.85E-05,0.001205087,0.000871371,0,0,0,0.000278097,0,0,0,0.000778672,0,0,0,0.001112388,0,0,0.000519115,0,0.001038229,0,0,3.71E-05,0,0,0,0,0,0,0,0
10169.patient4.5F1,144.324586,-154.794492,126.640778,20,0.98120818,0.004090095,0.00022618,0.007332014,0.000452361,0.003053435,0,0.000301574,0,0.001941382,0,0,0,0,0.000678541,0,0,0,0,0.000263877,0,0,7.54E-05,0,0,0,0,0,7.54E-05,0,0,0,0,0,0.000301574,0,0,0,0
10169.patient4.5F2,51.843536,-193.215485,126.640778,20,0.984023577,0.000201644,0,0.007429812,3.10E-05,0.000558399,1.55E-05,0.000449822,0.001380487,0.00341244,0,0,0,0,0.000155111,0,0,0,0.000930665,0,1.55E-05,0,0,0,0,0,0,1.55E-05,0.000915154,0,0,0,0,0,0.000465333,0,0,0,0
10169.patient4.5F3,43.731393,-151.811897,126.640778,20,0.979661743,0.001575068,0.00087164,0.006850781,1.53E-05,0,0,1.53E-05,0,0.006116769,0,0,0.001070435,0,0.002721962,0,0,0,6.12E-05,0,0,0.000504633,0,0.000122335,0,0,0,0,0,0,0,0,0,0,0.000412882,0,0,0,0
10169.patient4.5F4,54.318939,-96.681164,126.640778,20,0.981145152,0.004762582,3.55E-05,0.007028362,0.000595323,0.00075526,1.78E-05,0.001190645,0,0.00106625,8.89E-06,0,0,0,0.001226187,0,0,0,9.77E-05,0,0,0.000142167,0.000870771,0,0,0.000310989,1.78E-05,0.000630864,0,0,0,0,0,0,9.77E-05,0,0,0,0
10169.patient4.5F5,101.651901,-76.253632,126.640778,20,0.979552579,0.01069868,0,0.007397644,1.19E-05,0.000593711,0,0.000403724,0,0.000474969,0.000320604,0,0,0,5.94E-05,0.000106868,1.19E-05,0,0,0,0,1.19E-05,0,0,0,0.000142491,0,0,0,0,1.19E-05,8.31E-05,0,0,0.000118742,0,0,0,0
10169.patient4.5F6,133.525894,-103.584633,126.640778,20,0.983991534,0.006832065,0,0.006818669,2.68E-05,0.00038849,0,0,0,0.00049566,0,0,0,0,0.001286036,0,0,0,0,0,0,0.000133962,0,0,0,0,0,1.34E-05,0,0,1.34E-05,0,0,0,0,0,0,0,0
10169.patient4.5F7,202.948078,-189.111301,293.489186,20,0.991709764,0.000213067,4.84E-05,0.007137738,0,0.000290546,9.68E-06,8.72E-05,0,0.000116218,0,0,0.000309915,0,0,0,0,0,0,1.94E-05,0,0,0,0,0,0,0,0,5.81E-05,0,0,0,0,0,0,0,0,0,0
10169.patient4.5F8,210.527096,-163.095785,297.462311,20,0.990842979,0.000533586,1.72E-05,0.007719781,8.61E-06,0.000266793,3.44E-05,6.02E-05,0,0.000163518,0,0,0,0,3.44E-05,0,0,0,0,0,0,0,0,0,0,1.72E-05,0,0,0.000284005,0,0,0,0,0,1.72E-05,0,0,0,0
10169.patient4.5F9,218.106114,-137.080269,297.462311,20,0.987592666,0.00015569,0,0.006574929,0,0.000395214,0,0.001568881,0,0.000874262,0.000311381,0,0,0,0.000119762,0,1.20E-05,0,0,0,0.001293429,2.40E-05,0,0,0,0.001077857,0,0,0,0,0,0,0,0,0,0,0,0,0
10169.patient4.5F10,228.657934,-193.685551,296.502553,20,0.989047702,9.20E-05,0,0.007774906,1.02E-05,0.000858202,0,0.000469968,0.000776469,0.000265634,0,0,0,0,0.000143034,0,0,1.02E-05,0.000459751,8.17E-05,0,0,0,0,0,0,0,1.02E-05,0,0,0,0,0,0,0,0,0,0,0
10169.patient4.5F11,242.687519,-172.710182,294.306476,20,0.990576408,0.001820943,8.39E-06,0.007485168,2.52E-05,0,0,0,0,8.39E-06,8.39E-06,0,0,0,0,0,0,0,8.39E-06,0,0,0,0,0,0,0,0,0,0,0,8.39E-06,8.39E-06,4.20E-05,0,0,0,0,0,0
10169.patient4.5F12,256.717104,-151.734813,294.306476,20,0.992826918,0.00028285,4.53E-05,0.005996425,1.13E-05,0,1.13E-05,9.05E-05,1.13E-05,0.00016971,0,7.92E-05,0,0,0,0.000203652,0,0,0,9.05E-05,0,0,0,0,0,0.00011314,0,0,0,0,0,0,6.79E-05,0,0,0,0,0,0
10169.patient4.5G1,217.468897,-214.834547,275,20,0.992278447,0.000162094,2.95E-05,0.006940556,0.000117886,0,1.47E-05,0.000191565,0,0,0,0,0,1.47E-05,1.47E-05,0.000147358,0,0,0,8.84E-05,0,0,0,0,0,0,0,0,0,0,0,0,0,0,0,0,0,0,0
10169.patient4.5G2,214.741941,-189.711795,275,20,0.992899622,6.02E-05,3.01E-05,0.006518709,1.00E-05,4.01E-05,1.00E-05,0,0,0,0,0,3.01E-05,0,0,1.00E-05,7.02E-05,0,0,4.01E-05,0,0,0.000170489,4.01E-05,0,7.02E-05,0,0,0,0,0,0,0,0,0,0,0,0,0
10169.patient4.5G3,210.999822,-165.481657,275,20,0.98682954,3.98E-05,0,0.007957982,0,0,0,0,0,0,0,0,0,0.000596849,0,0,0,0,0,0,0.002148655,0.000557059,0.001233487,0,0,0,0,0.000636639,0,0,0,0,0,0,0,0,0,0,0
10169.patient4.5G4,207.9344783,-140.656443,275,20,0.992287632,0.000110969,0,0.007257393,1.11E-05,0.000199745,1.11E-05,0,0,0,0,0,0,0,0,0,0,0,0,0,0,4.44E-05,0,0,0,0,0,0,0,0,0,0,0,0,7.77E-05,0,0,0,0
10169.patient4.5G5,254.336697,-191.808931,275,20,0.988440027,0.000436618,0.000602948,0.007360126,4.16E-05,2.08E-05,0,2.08E-05,0.001060357,4.16E-05,0,0,0.000582157,0,0,0,0,0,0.000602948,0,0,0,0,0,0,0.00079007,0,0,0,0,0,0,0,0,0,0,0,0,0
10169.patient4.5G6,254.692686,-166.424351,275,20,0.987456075,0.001049994,0.000139999,0.007769953,0,0.001917988,0,0,0.000391998,0.000377998,0,0,0,0,0.000223999,1.40E-05,0.000335998,0,0,0,0,0.000111999,0,0,0,0,0,0,0,0,0,0,0.000209999,0,0,0,0,0,0
10169.patient4.5G7,250.115686,-139.795881,275,20,0.988159689,0.000309956,8.27E-05,0.007314956,2.07E-05,0.001921726,4.13E-05,0.000289292,0,0.000123982,0,0,0,0,0.000454602,0,0,0,0.000971195,0,0,4.13E-05,0,0,0,0,0,0,0,0,0,0,0.000268628,0,0,0,0,0,0
10169.patient4.5G8,166.679274,-232.608889,254.232795,20,0.991804666,0.000426687,0,0.00731989,0,0.000360477,0,0,0,0,0,0,7.36E-06,0,5.89E-05,0,0,0,0,2.21E-05,0,0,0,0,0,0,0,0,0,0,0,0,0,0,0,0,0,0,0
10169.patient4.5G9,193.911179,-216.71665,251.260912,20,0.990381632,0.000657042,4.56E-05,0.007108832,0.001122447,0.000200763,3.65E-05,0.000109507,0,2.74E-05,0,9.13E-06,0,8.21E-05,2.74E-05,7.30E-05,1.83E-05,0,0,0,5.48E-05,0,0,3.65E-05,0,0,0,0,9.13E-06,0,0,0,0,0,0,0,0,0,0
10169.patient4.5G10,220.510599,-189.477055,240.621223,20,0.98740268,0.002420662,5.93E-05,0.007054499,2.96E-05,0,9.88E-06,0,0,7.90E-05,0,0.000148204,2.96E-05,2.96E-05,5.93E-05,0,0,0,0.000217366,0,0,1.98E-05,0,0,0,0.00236138,2.96E-05,0,0,0,0,0,0,0,4.94E-05,0,0,0,0
10169.patient4.5G11,221.140553,-154.678304,244.222202,20,0.986607106,0.00396887,0,0.008297061,0,0.000302157,1.63E-05,0,9.80E-05,0.000212326,3.27E-05,7.35E-05,0,0,4.08E-05,0,0,0,0,0,0,4.08E-05,0.000261325,0,0,0,0,0,0,0,1.63E-05,0,3.27E-05,0,0,0,0,0,0
10169.patient4.5G12,213.380138,-115.934457,240.784236,20,0.92592793,0.06674963,0,0.006023879,5.41E-05,1.80E-05,0,0,0,0.000216427,0,0,0,0,0.00016232,0,0.00016232,0,1.80E-05,0.000360711,0,0,0.000198391,0,0,0,0,0,0,0,5.41E-05,0,1.80E-05,0,0,0,3.61E-05,0,0
10169.patient4.5H1,201.177494,-238.494545,256.440935,20,0.99092279,0.000574053,0,0.007893226,1.79E-05,0.00021527,0,0,0,0,0,0,0,0,1.79E-05,0,0,0,0,0,0,0,0,0,1.79E-05,3.59E-05,0,0.00021527,8.97E-05,0,0,0,0,0,0,0,0,0,0
10169.patient4.5H2,236.221751,-218.768733,250.179345,20,0.991951629,0.000121332,0,0.007745041,0,2.02E-05,0,0.00010111,0,0,0,0,0,0,0,0,0,0,0,0,0,0,6.07E-05,0,0,0,0,0,0,0,0,0,0,0,0,0,0,0,0
10169.patient4.5H3,258.759702,-188.8596,255.908298,20,0.989890915,0.001101569,0,0.007369786,0.000419181,0.000458175,3.90E-05,4.87E-05,0,0.000282703,0.000126729,0,0,9.75E-06,9.75E-06,0,2.92E-05,0,4.87E-05,0,0,0,0,0,0,0,0,0,0.000146226,0,0,0,9.75E-06,0,0,9.75E-06,0,0,0
10169.patient4.5H4,251.885758,-133.682709,257.748617,20,0.987513187,0.003078645,6.46E-05,0.007169153,2.15E-05,0.000322935,0,0.000129174,0,0.000516696,0.000473638,0,2.15E-05,0.000172232,6.46E-05,0,0,0,0.000301406,0,0,0,0,0.000129174,0,0,0,0,0,0,0,0,0,0,2.15E-05,0,0,0,0
10169.patient4.6A1,180.117642,-249.776343,198.05,20,0.983171303,0.001527528,0,0.007922433,0.00045308,0.003275123,0,3.88E-05,0.000440135,0,0.00088027,0.000103561,0,0.000530751,0.000155342,0.000362464,7.77E-05,0,0.000375409,0,1.29E-05,1.29E-05,0,0,0,0,0.000103561,0.000349519,0,0,0,0,0,0,0.000207122,0,0,0,0
10169.patient4.6A2,208.888483,-235.394389,198.05,20,0.984248109,0.004607918,0.000261442,0.007287701,3.27E-05,0.000653605,1.63E-05,0.000637265,0,0,0.000245102,0,0,0,9.80E-05,1.63E-05,0,0,0.000261442,0,0.001388912,0,0,0,0,0,4.90E-05,0,0,0,0,0,3.27E-05,0,1.63E-05,0,0.000147061,0,0
10169.patient4.6A4,214.974057,-181.236121,198.05,20,0.591199432,0.000236574,0.000283889,0.004596303,0,0.070654635,3.38E-05,8.11E-05,0.020020954,2.03E-05,0.026144851,0.008381493,0.000108148,0.013288722,0.000148704,0.108675521,0.025624387,0.00979418,0.029997634,0,0.020230491,0,2.70E-05,0.001797965,0.000797594,2.70E-05,0,0.03243773,9.46E-05,1.35E-05,0,0.026996519,0,6.08E-05,6.08E-05,0,0,0.002798337,0.005366859
10169.patient4.6A5,215.527713,-151.464983,198.05,20,0.989250452,0.001864083,6.21E-06,0.007835364,0,0.000130486,1.24E-05,0,0.000192622,1.86E-05,0,5.59E-05,0,0.000118059,0.000273399,0,0,0,5.59E-05,6.21E-06,0,6.21E-06,0,1.24E-05,0,3.11E-05,0,9.32E-05,0,0,6.21E-06,0,0,0,3.11E-05,0,0,0,0
10169.patient4.6A6,195.173153,-122.815281,198.05,20,0.989713633,0.001703812,0,0.006857578,1.06E-05,0.000825449,0,0,0,0,0,7.41E-05,0,0,3.17E-05,0,0,0,0,0,0,0,0,0.000169323,0,0.000306898,0,0.000285732,0,0,1.06E-05,0,0,0,0,1.06E-05,0,0,0
10169.patient4.6A7,216.917327,-246.144641,198.05,20,0.602564103,0.102564103,0,0,0.012820513,0.012820513,0,0,0,0,0,0,0,0,0.153846154,0.012820513,0,0,0,0,0,0.038461538,0,0,0,0,0,0.051282051,0,0,0,0.012820513,0,0,0,0,0,0,0
10169.patient4.6A8,254.480126,-222.161816,198.05,20,0.959786643,0.032364775,0.000106253,0.007317315,1.42E-05,7.08E-06,7.08E-06,0,0,0.000212507,0,0,0,0,0,0,7.08E-06,0,7.08E-06,3.54E-05,0,5.67E-05,0,0,0,0,0,0,0,0,4.96E-05,7.08E-06,0,0,7.08E-06,0,1.42E-05,0,0
10169.patient4.6A9,266.867648,-179.194906,198.05,20,0.987177192,0.002524991,0,0.007509021,2.83E-05,0.000348599,0,0.000499345,0.000122481,0,0,0,0,0,0.000122481,0,0,0,0.001243652,0,0,0,0,0,0,0,0,7.54E-05,0,0,9.42E-06,0.000254383,8.48E-05,0,0,0,0,0,0
10169.patient4.6A10,260.784963,-136.506966,198.05,20,0.076086957,0.032608696,0.804347826,0.010869565,0.010869565,0.010869565,0,0,0,0,0,0,0,0,0,0,0,0,0,0,0,0.054347826,0,0,0,0,0,0,0,0,0,0,0,0,0,0,0,0,0
10169.patient4.6A11,245.462049,-100.572655,198.05,20,0.006276151,0,0.184100418,0,0,0,0,0,0.009414226,0,0,0.417364017,0.344142259,0,0,0,0,0,0,0,0,0.038702929,0,0,0,0,0,0,0,0,0,0,0,0,0,0,0,0,0
10169.patient4.6B1,215.766378,-235.137479,173.6,20,0.990703916,0.000378187,0,0.006307186,1.22E-05,0.000695376,0,0.001097963,0,0,0,0,0,0,0,0,0,0,6.10E-05,0,0,0,0,0,0,0,0,2.44E-05,0,0,0,0,0,0,0.000719776,0,0,0,0
10169.patient4.6B2,217.103309,-204.764391,173.6,20,0.972114602,0.010932063,0.000246773,0.007452558,0.000123387,0.002443057,0,2.47E-05,0.00037016,0.001085803,0.000320805,0.000172741,0.00037016,0.001061126,0.001135158,0.000666288,0,0,9.87E-05,0,0,4.94E-05,4.94E-05,9.87E-05,0,9.87E-05,0,0,0.000962416,0,2.47E-05,0,0,0,9.87E-05,0,0,0,0
10169.patient4.6B3,216.723066,-179.482727,173.6,20,0.990337092,0.000689373,0,0.006870363,2.34E-05,0.000595899,0,0.000397266,0,4.67E-05,0,0.000397266,0,0,1.17E-05,0,0,0,0,1.17E-05,4.67E-05,0,0,0,0,0,0,0,0.000549162,0,0,0,2.34E-05,0,0,0,0,0,0
10169.patient4.6B4,209.537621,-152.433772,173.6,20,0.989852659,0.000155244,0.000254036,0.007649317,0,0.000663317,0,0,0.000423394,0,0,0,0,0,0.000395168,0.000592751,0,0,0,0,0,0,0,0,0,0,0,0,0,0,0,0,0,0,0,1.41E-05,0,0,0
10169.patient4.6B5,195.147464,-122.208755,173.6,20,0.986456861,0.003052868,0,0.007645759,0,0.000235533,1.81E-05,9.06E-06,0,6.34E-05,0,0,0,0,0,0.000416712,0,0,0,0,0,9.96E-05,0,0,0,0.000108707,0,0,0,0,9.06E-06,9.06E-06,9.06E-06,0,0.001866145,0,0,0,0
10169.patient4.6B6,207.728334,-269.207821,173.6,20,0.975203327,0.013896533,1.53E-05,0.008194215,1.53E-05,0.000366905,1.53E-05,0,0,0.000779673,0,0,0,0,0,1.53E-05,0,0,0,7.64E-05,0.00140647,0,0,0,0,0,0,1.53E-05,0,0,0,0,0,0,0,0,0,0,0
10169.patient4.6B7,237.291151,-248.47531,173.6,20,0.980097867,0.009875201,2.53E-05,0.007131387,3.79E-05,8.85E-05,1.26E-05,0.000227597,0.000183342,0.000455195,6.32E-06,0,0,0.00058796,0.00049945,4.43E-05,0,0,0,0,0,9.48E-05,0,0,6.32E-06,0,0,1.26E-05,0,0,2.53E-05,0,0.000461517,0,0.000120121,6.32E-06,0,0,0
10169.patient4.6B8,268.285067,-217.180711,173.6,20,0.991285958,0.000121797,1.11E-05,0.007296765,3.32E-05,0.000564697,1.11E-05,0.000409682,0.00022145,3.32E-05,0,0,0,0,0,0,0,0,0,0,0,0,0,0,0,0,0,0,0,0,0,1.11E-05,0,0,0,0,0,0,0
10169.patient4.6B9,271.412729,-167.653582,173.6,20,0.991033432,0.000142326,0.000156559,0.00725865,0,4.27E-05,1.42E-05,0,0,8.54E-05,0,0,0,0,0.000284653,5.69E-05,0,0,1.42E-05,0,2.85E-05,0.000583539,0,0,0,0,0,0,0,1.42E-05,0,0,0,0,0.000284653,0,0,0,0
10169.patient4.6B10,266.952911,-132.148331,173.6,20,0.978794626,0.000383407,0,0.007579668,0,4.42E-05,0,0.002536387,1.47E-05,0,0,0.000162211,0,0,0,0.000339168,0,0,0.001740079,0,2.95E-05,0.000693082,0,0.000796307,0,0,1.47E-05,1.47E-05,0.004070016,0,0,0,0,0,0,0,0,0.002787076,0
10169.patient4.6B11,246.807388,-99.041046,173.6,20,0.991482385,0.000303609,8.83E-05,0.007645429,1.10E-05,2.21E-05,1.10E-05,0.000143524,5.52E-06,1.10E-05,0,0,0,0,5.52E-06,0.000110403,0,0,0,0,0,0,0,0,0,0,0,0.000149044,0,0,0,0,1.10E-05,0,0,0,0,0,0
10169.patient4.6B12,218.547571,-96.827756,173.6,20,0.982742681,0.001318267,0,0.006591337,5.14E-05,0.004930663,5.14E-05,0.000119842,0.000325287,8.56E-05,0.001694915,0,0,0,0.000239685,0.001352508,0.000376648,5.14E-05,0,0,1.71E-05,1.71E-05,0,3.42E-05,0,0,0,0,0,0,0,0,0,0,0,0,0,0,0
10169.patient4.6C1,214.126277,-217.767699,123.01,20,0.986916164,0.004096772,0,0.007270848,3.69E-05,0.000590526,1.85E-05,0,0.000104572,1.23E-05,3.69E-05,0,0,7.38E-05,0.000116875,0.000123026,0,0,8.00E-05,2.46E-05,6.15E-06,0,0,1.23E-05,0,0.000258355,0,0.000129178,0,0,2.46E-05,0,6.15E-06,0,5.54E-05,0,6.15E-06,0,0
10169.patient4.6C2,220.876893,-189.639399,123.01,20,0.990447224,0.000296465,1.10E-05,0.007741043,2.20E-05,0.000208624,0,0.000472149,0,7.69E-05,0,0,3.29E-05,0,0,0,0.000296465,0,0,0,3.29E-05,0,0.000362347,0,0,0,0,0,0,0,0,0,0,0,0,0,0,0,0
10169.patient4.6C3,216.082528,-149.415964,123.01,20,0.987840634,0.003728577,0,0.007811203,2.21E-05,2.21E-05,0,0,0,0.000243409,0,0,0,0,1.11E-05,0,0,0,0,0,0.000121704,0,0,0,1.11E-05,7.74E-05,0,0,8.85E-05,0,2.21E-05,0,0,0,0,0,0,0,0
10169.patient4.6C4,197.041034,-115.809008,123.01,20,0.988378005,0.000188857,0,0.007873901,1.45E-05,0,0,0,0,2.91E-05,0,0,0,0,0.000958815,0,1.45E-05,0,0,0,2.91E-05,0,0.002469674,0,0,4.36E-05,0,0,0,0,0,0,0,0,0,0,0,0,0
10169.patient4.6C5,222,-260,123.01,20,0.984965857,0.002808576,0,0.007948454,0,0.00139511,3.67E-05,0.000844409,0,0.000569058,0,0,0,0,0,0,0,0,1.84E-05,0,0,0,0,0,0,0.000238637,0,0,0.000569058,0,0,0,0.000385491,0,0.00022028,0,0,0,0
10169.patient4.6C6,246.056729,-224.188349,123.01,20,0.974916388,0.01119935,0,0.007941478,2.00E-05,0.00198537,0,0,6.66E-06,0.000526323,0.000619595,0.000626258,0,0,0.000686218,0.000812802,0,0,0.000466362,0,6.66E-06,0.000126584,0,6.66E-06,0,0,0,0,0,6.66E-06,3.33E-05,0,0,6.66E-06,0,0,6.66E-06,0,0
10169.patient4.6C7,267.398763,-174.745535,123.01,20,0,1,0,0,0,0,0,0,0,0,0,0,0,0,0,0,0,0,0,0,0,0,0,0,0,0,0,0,0,0,0,0,0,0,0,0,0,0,0
10169.patient4.6C8,271.608978,-138.716721,123.01,20,0.987528059,0.000693586,0,0.006961084,2.52E-05,0.000870135,0,0,0,0.000264824,0.001488058,0,0,0,0.000706197,0,0,0,0,0,0.000315266,0,0,0,0,0,0,0,0,0,0,0,0.001059295,0,8.83E-05,0,0,0,0
10169.patient4.6C9,260.931117,-112.138953,123.01,20,0.976780392,0.014353031,0.000133207,0.006660339,7.49E-05,9.99E-05,0,9.16E-05,0,0.00058278,0.000124881,0,0,0,0.000216461,0,0,0,0,6.66E-05,0.00078259,0,0,0,0,0,0,0,0,0,2.50E-05,0,0,8.33E-06,0,0,0,0,0
10169.patient4.6C10,224.466278,-96.934387,123.01,20,0.989876985,0.001085636,5.03E-05,0.007390951,1.44E-05,0.000287586,2.16E-05,0.00019412,0,0.000186931,7.19E-06,0,0.000143793,0,0.000115034,3.59E-05,0,0,1.44E-05,0,0.000222879,0,0,0,0,0.000230069,0,0.000107845,0,0,0,7.19E-06,0,0,0,7.19E-06,0,0,0
10169.patient4.6C11,230.911403,-243.453993,77.882018,20,0.849840356,0.142358326,0,0.0062442,0.000235927,0,0,0.000141556,0,0.000330298,0,0,0,0,0.00020447,0,0,0,0,0,0,0,0,0,0,0.00040894,0,0,0,0,0.000220198,0,0,0,0,0,1.57E-05,0,0
10169.patient4.6C12,264.706891,-201.480699,88.447131,20,0.985829884,0.00080043,0.000212614,0.007641607,0,3.75E-05,2.50E-05,1.25E-05,0.000212614,8.75E-05,0,0.000150081,0,0,1.25E-05,0.000950511,0.000487762,0,0.000900484,0,0.000362695,0,0,0,0.000362695,1.25E-05,0,8.75E-05,0,0.000612829,0.000475255,0.000325175,0,0.000400215,0,0,0,0,0
10169.patient4.6D1,280.897858,-136.135605,93.720894,20,0.974784801,0.013268411,0,0.006799409,0.000156508,0.000434745,1.74E-05,0.000417355,0.000243457,0.001530302,0.000573863,1.74E-05,0.000591253,0,0.000382575,0.000695592,0,0,1.74E-05,0,1.74E-05,1.74E-05,0,0,0,0,0,0,0,0,1.74E-05,0,0,0,0,0,1.74E-05,0,0
10169.patient4.6D2,216.974149,-86.357219,98.321893,20,0.88163985,0.106729286,0.000457775,0.007137892,0.000237365,0.001237687,1.70E-05,0,0,0.000254319,0.000322138,0,0.001390278,0,0.000339092,1.70E-05,0,0,0,0,0,0,0,0,0,0,0,0,0,1.70E-05,0.000169546,0,0,0,0,0,3.39E-05,0,0
10169.patient4.6D3,205.033905,-268.534672,84.360316,20,0.984746985,0.00507575,0,0.007729568,2.58E-05,0.000128826,0,1.29E-05,1.29E-05,0.000231887,1.29E-05,0,0,0.000219004,0.001043492,1.29E-05,0,0,0.00054107,0,0,0,0.000193239,0,0,0,0,0,0,0,0,0,0,0,0,0,1.29E-05,0,0
10169.patient4.6D4,265.259222,-239.10175,77.785922,20,0.97184535,0.017940477,0.000788083,0.006845505,0.000139073,0.000849893,0,0.000865346,0,0.000154526,0.000324505,0,0,0,0,0,0,0,0,0,0,3.09E-05,0,0,0,0,1.55E-05,0,0,0,7.73E-05,0,0,0,7.73E-05,0,4.64E-05,0,0
10169.patient4.6D5,293.52567,-190.680736,85.115976,20,0.984849964,0.001936471,0.000309184,0.007469244,0.000309184,0.000602096,1.63E-05,0,0,0.001432012,0.00125301,0,0,0.000943826,0.000748552,0,0,0,0.00011391,0,0,0,0,0,0,0,0,0,0,0,1.63E-05,0,0,0,0,0,0,0,0
10169.patient4.6D6,282.323826,-112.248469,79.709245,20,0.971060818,0.008190873,0.001055966,0.007448843,2.85E-05,0.002882502,0,0.000114159,0,0.001027427,0.001797997,0,0,0.002939582,0.000228317,0.001284283,0,0,0.000399555,0,0,0.000199777,0.000171238,0.00077057,0,0.000313936,0,2.85E-05,0,0,5.71E-05,0,0,0,0,0,0,0,0
10169.patient4.6D7,248.78703,-86.996826,86.178504,20,0.981388433,0.009262049,0,0.00750294,2.92E-05,0,0,0.000349878,0.000505379,1.94E-05,0,0,0.000602568,0,9.72E-06,0,0,0,0,0,0,0,0,0,0,9.72E-06,0,0,0.000320722,0,0,0,0,0,0,0,0,0,0
