,x,y,z,radii,Pseudomonas,Stenotrophomonas,Unclassified Xanthomonadaceae,Staphylococcus,Cloacibacterium,Unclassified Comamonadaceae,Bacteroides,Unclassified Pseudomonadaceae,Acinetobacter,Bacillus,Corynebacterium,Hylemonella,Unclassified Streptophyta,Enterococcus,Faecalibacterium,Unclassified Ruminococcaceae,Dechloromonas,Unclassified S24-7,Unclassified Clostridiales,Unclassified Enterobacteriaceae,Erwinia,Enhydrobacter,Parabacteroides,Comamonas,Clostridium,Akkermansia,Prevotella,Micrococcus,Ruminococcus,Unclassified Microbacteriaceae,Diaphorobacter,Unclassified Halomonadaceae,Paraprevotella,Thermicanus,Dorea,Halomonas,Unclassified Lachnospiraceae,Bradyrhizobium,Bifidobacterium,Unclassified Gemellales,Sutterella,Desulfovibrio,Unclassified ML615J-28
3A1,38.863703,-151.300804,33.784327,20,0.000843882,0.835443038,0.064135021,0.004219409,0.043881857,0.027004219,0,0.000843882,0.011814346,0,0,0.001687764,0,0,0,0,0.001687764,0.001687764,0,0,0,0.001687764,0,0.001687764,0,0,0,0,0,0,0.001687764,0.000843882,0,0,0,0,0,0.000843882,0,0,0,0,0
3A2,63.27551,-101.62685,33.784327,20,0.000843882,0.940084388,0.057383966,0,0,0,0,0,0,0,0,0,0,0,0,0,0.000843882,0.000843882,0,0,0,0,0,0,0,0,0,0,0,0,0,0,0,0,0,0,0,0,0,0,0,0,0
3A3,48.377699,-181.263032,33.784327,20,0.005063291,0.914767932,0.077637131,0.001687764,0,0,0,0,0,0,0,0,0,0,0,0,0,0.000843882,0,0,0,0,0,0,0,0,0,0,0,0,0,0,0,0,0,0,0,0,0,0,0,0,0
3A4,59.646114,-130.455817,33.784327,20,0.003375527,0.905485232,0.06835443,0.000843882,0.006751055,0.000843882,0.004219409,0,0.000843882,0,0,0,0,0,0.002531646,0,0,0.000843882,0,0,0,0,0,0,0,0,0,0,0.001687764,0,0,0.000843882,0,0,0.000843882,0,0.001687764,0.000843882,0,0,0,0,0
3A5,107.578744,-96.609718,33.784327,20,0.000843882,0.936708861,0.046413502,0,0.003375527,0.001687764,0.004219409,0,0.001687764,0,0,0,0,0,0.002531646,0.000843882,0,0,0,0,0,0,0,0,0,0,0,0,0,0,0,0,0,0,0,0,0.000843882,0.000843882,0,0,0,0,0
3A6,63.078642,-199.375814,76.216377,20,0.001687764,0.916455696,0.079324895,0.002531646,0,0,0,0,0,0,0,0,0,0,0,0,0,0,0,0,0,0,0,0,0,0,0,0,0,0,0,0,0,0,0,0,0,0,0,0,0,0,0
3A7,54.256024,-142.916727,76.216377,20,0.002531646,0.920675105,0.071729958,0,0.001687764,0.000843882,0.000843882,0,0,0,0,0,0,0,0,0.000843882,0,0.000843882,0,0,0,0,0,0,0,0,0,0,0,0,0,0,0,0,0,0,0,0,0,0,0,0,0
3A8,91.624536,-107.210377,76.216377,20,0.001687764,0.932489451,0.063291139,0.000843882,0.000843882,0,0,0,0,0,0,0,0,0,0,0,0,0,0,0,0,0,0,0,0,0,0,0,0,0,0,0,0,0,0,0,0,0.000843882,0,0,0,0,0
3A9,72.360405,-182.527078,76.216377,20,0.000843882,0.917299578,0.077637131,0.002531646,0,0,0,0.000843882,0,0,0,0,0,0,0,0,0,0,0,0,0,0,0,0.000843882,0,0,0,0,0,0,0,0,0,0,0,0,0,0,0,0,0,0,0
3A10,91.305303,-133.730469,76.216377,20,0.001687764,0.918987342,0.070886076,0.006751055,0,0,0,0,0,0,0,0,0,0,0.000843882,0,0,0,0,0,0,0,0,0,0,0,0,0,0,0,0,0,0,0,0,0,0.000843882,0,0,0,0,0,0
3A11,125.555885,-129.61116,76.216377,20,0,0.938396624,0.05907173,0.002531646,0,0,0,0,0,0,0,0,0,0,0,0,0,0,0,0,0,0,0,0,0,0,0,0,0,0,0,0,0,0,0,0,0,0,0,0,0,0,0
3A12,158.007309,-160.569743,76.216377,20,0,0.940084388,0.044725738,0.010970464,0,0,0,0,0,0,0,0,0,0,0,0,0.000843882,0.001687764,0,0.000843882,0,0,0,0,0,0,0,0,0,0,0,0.000843882,0,0,0,0,0,0,0,0,0,0,0
3B1,103.45369,-237.952454,111.390923,20,0.000843882,0.918987342,0.065822785,0.000843882,0.005063291,0.001687764,0,0,0,0,0,0,0,0,0.000843882,0,0.000843882,0,0,0,0,0,0,0,0,0,0.004219409,0,0,0,0,0,0,0,0,0,0,0,0.000843882,0,0,0,0
3B2,74.718013,-219.212768,111.390923,20,0.005907173,0.924050633,0.069198312,0,0,0,0,0,0,0,0,0,0,0,0,0,0,0,0,0,0,0,0,0,0,0,0,0,0,0,0,0,0,0,0,0,0,0.000843882,0,0,0,0,0
3B3,56.45499,-173.313126,111.390923,20,0.001687764,0.924894515,0.070886076,0.002531646,0,0,0,0,0,0,0,0,0,0,0,0,0,0,0,0,0,0,0,0,0,0,0,0,0,0,0,0,0,0,0,0,0,0,0,0,0,0,0
3B4,63.408524,-123.891322,111.390923,20,0.001687764,0.947679325,0.048101266,0.001687764,0,0,0,0.000843882,0,0,0,0,0,0,0,0,0,0,0,0,0,0,0,0,0,0,0,0,0,0,0,0,0,0,0,0,0,0,0,0,0,0,0
3B5,88.997251,-95.708204,111.390923,20,0.000843882,0.941772152,0.054852321,0.002531646,0,0,0,0,0,0,0,0,0,0,0,0,0,0,0,0,0,0,0,0,0,0,0,0,0,0,0,0,0,0,0,0,0,0,0,0,0,0,0
3B6,112.51945,-203.819671,111.390923,20,0.000843882,0.921518987,0.075949367,0.000843882,0,0,0,0,0,0,0,0,0,0,0,0,0,0,0,0,0,0,0,0,0,0,0,0,0,0,0,0,0,0,0,0,0,0,0,0.000843882,0,0,0
3B7,108.733541,-154.95251,111.390923,20,0.000843882,0.922362869,0.073417722,0.000843882,0,0,0,0,0,0,0,0,0,0,0,0,0,0,0,0,0,0.002531646,0,0,0,0,0,0,0,0,0,0,0,0,0,0,0,0,0,0,0,0,0
3B8,128.560213,-105.29762,111.390923,20,0.000843882,0.945991561,0.053164557,0,0,0,0,0,0,0,0,0,0,0,0,0,0,0,0,0,0,0,0,0,0,0,0,0,0,0,0,0,0,0,0,0,0,0,0,0,0,0,0
3B9,138.400818,-184.57338,111.390923,20,0,0.945991561,0.051476793,0.002531646,0,0,0,0,0,0,0,0,0,0,0,0,0,0,0,0,0,0,0,0,0,0,0,0,0,0,0,0,0,0,0,0,0,0,0,0,0,0,0
3B10,161.495198,-167.542873,111.390923,20,0.000843882,0.91814346,0.075105485,0.004219409,0,0,0,0,0,0,0,0,0,0,0,0,0,0.000843882,0,0,0,0,0,0,0,0,0,0,0,0,0,0,0,0,0,0,0,0.000843882,0,0,0,0,0
3B11,100.464299,-242.44143,151.025163,20,0.000843882,0.929957806,0.064978903,0.002531646,0,0,0,0,0,0,0,0,0,0,0,0,0,0.000843882,0,0,0,0,0,0,0,0,0,0,0,0,0,0,0,0,0,0,0,0.000843882,0,0,0,0,0
3B12,70.814382,-217.875845,151.025163,20,0.007594937,0.925738397,0.056540084,0.003375527,0.000843882,0.000843882,0,0,0.000843882,0,0,0,0,0,0,0,0,0,0,0.000843882,0,0,0,0,0,0,0.001687764,0,0,0,0,0,0,0,0,0,0,0.001687764,0,0,0,0,0
3C1,62.354228,-182.029421,151.025163,20,0.000843882,0.930801688,0.063291139,0,0.004219409,0,0,0,0,0,0.000843882,0,0,0,0,0,0,0,0,0,0,0,0,0,0,0,0,0,0,0,0,0,0,0,0,0,0,0,0,0,0,0,0
3C2,60.030521,-148.350628,151.025163,20,0.000843882,0.935864979,0.059915612,0.002531646,0,0.000843882,0,0,0,0,0,0,0,0,0,0,0,0,0,0,0,0,0,0,0,0,0,0,0,0,0,0,0,0,0,0,0,0,0,0,0,0,0
3C3,76.504082,-112.00209,151.025163,20,0.005063291,0.920675105,0.071729958,0.001687764,0,0,0,0,0,0,0,0,0,0,0,0,0,0.000843882,0,0,0,0,0,0,0,0,0,0,0,0,0,0,0,0,0,0,0,0,0,0,0,0,0
3C4,128.343774,-243.946266,151.025163,20,0.000843882,0.938396624,0.059915612,0,0,0,0,0,0,0,0,0,0,0,0,0,0,0.000843882,0,0,0,0,0,0,0,0,0,0,0,0,0,0,0,0,0,0,0,0,0,0,0,0,0
3C5,110.595909,-193.913193,151.025163,20,0.000843882,0.924050633,0.071729958,0.001687764,0,0,0,0,0,0,0,0,0,0,0,0,0,0.000843882,0,0,0,0,0,0,0,0,0,0,0,0,0,0,0,0,0,0,0,0,0,0.000843882,0,0,0
3C6,100.861437,-149.436278,151.025163,20,0.000843882,0.923206751,0.067510549,0.000843882,0.004219409,0.000843882,0,0,0.000843882,0,0,0,0,0,0,0,0.001687764,0,0,0,0,0,0,0,0,0,0,0,0,0,0,0,0,0,0,0,0,0,0,0,0,0,0
3C7,102.721978,-114.593458,151.025163,20,0,0.952742616,0.044725738,0.001687764,0,0,0,0,0.000843882,0,0,0,0,0,0,0,0,0,0,0,0,0,0,0,0,0,0,0,0,0,0,0,0,0,0,0,0,0,0,0,0,0,0
3C8,144.761375,-190.170818,151.025163,20,0.002531646,0.929113924,0.066666667,0.001687764,0,0,0,0,0,0,0,0,0,0,0,0,0,0,0,0,0,0,0,0,0,0,0,0,0,0,0,0,0,0,0,0,0,0,0,0,0,0,0
3C9,147.312324,-141.517746,151.025163,20,0.001687764,0.924894515,0.070886076,0.000843882,0,0,0,0,0,0,0,0,0.001687764,0,0,0,0,0,0,0,0,0,0,0,0,0,0,0,0,0,0,0,0,0,0,0,0,0,0,0,0,0,0
3C10,81.894316,-229.060194,190.608931,20,0,0.933333333,0.062447257,0.003375527,0,0,0,0,0,0,0,0,0,0,0,0,0,0,0,0,0,0,0,0,0,0,0,0,0,0,0,0,0,0,0,0,0,0,0.000843882,0,0,0,0
3C11,65.891096,-203.728103,190.608931,20,0.001687764,0.913080169,0.080168776,0.003375527,0,0,0,0,0.000843882,0,0,0,0,0,0,0,0,0.000843882,0,0,0,0,0,0,0,0,0,0,0,0,0,0,0,0,0,0,0,0,0,0,0,0,0
3C12,62.157842,-164.974565,190.608931,20,0.001687764,0.928270042,0.065822785,0.001687764,0.000843882,0,0,0,0,0,0,0,0,0,0,0,0,0,0,0,0,0,0,0,0,0,0.001687764,0,0,0,0,0,0,0,0,0,0,0,0,0,0,0,0
3D1,134.143295,-249.686249,190.608931,20,0.002531646,0.934177215,0.059915612,0.001687764,0,0,0,0,0,0,0,0,0,0,0,0,0,0.000843882,0,0,0,0,0,0,0,0,0.000843882,0,0,0,0,0,0,0,0,0,0,0,0,0,0,0,0
3D2,115.55734,-221.572214,190.608931,20,0.004219409,0.93164557,0.061603376,0.001687764,0,0,0,0,0,0,0,0,0,0,0,0,0,0,0,0,0,0,0,0,0,0,0.000843882,0,0,0,0,0,0,0,0,0,0,0,0,0,0,0,0
3D3,95.980717,-183.516414,190.608931,20,0.001687764,0.930801688,0.066666667,0.000843882,0,0,0,0,0,0,0,0,0,0,0,0,0,0,0,0,0,0,0,0,0,0,0,0,0,0,0,0,0,0,0,0,0,0,0,0,0,0,0
3D4,92.823376,-152.318342,190.608931,20,0.000843882,0.962025316,0.030379747,0.005063291,0.001687764,0,0,0,0,0,0,0,0,0,0,0,0,0,0,0,0,0,0,0,0,0,0,0,0,0,0,0,0,0,0,0,0,0,0,0,0,0,0
3D5,95.550497,-110.856619,190.608931,20,0,0.926582278,0.067510549,0.004219409,0,0,0,0,0,0,0,0.000843882,0,0,0,0,0,0.000843882,0,0,0,0,0,0,0,0,0,0,0,0,0,0,0,0,0,0,0,0,0,0,0,0,0
3D6,138.524267,-201.896071,190.608931,20,0.000843882,0.928270042,0.055696203,0.01350211,0,0,0.000843882,0,0,0,0,0,0,0,0,0,0,0,0,0,0,0,0,0,0,0,0,0,0,0,0,0,0,0,0,0,0,0.000843882,0,0,0,0,0
3D7,126.672743,-172.663286,190.608931,20,0.001687764,0.92742616,0.066666667,0.000843882,0.001687764,0,0,0.000843882,0,0,0,0,0,0,0,0,0,0,0,0,0,0,0,0,0,0,0,0,0,0,0,0,0,0,0,0,0,0,0.000843882,0,0,0,0
3D8,147.193216,-144.726521,190.608931,20,0.001687764,0.914767932,0.065822785,0.016033755,0,0,0,0,0,0,0,0,0,0,0,0,0.001687764,0,0,0,0,0,0,0,0,0,0,0,0,0,0,0,0,0,0,0,0,0,0,0,0,0,0
3D9,156.605225,-243.811966,225.42897,20,0.002531646,0.874261603,0.060759494,0.056540084,0,0.000843882,0,0,0,0,0,0,0,0,0.000843882,0,0,0,0,0.000843882,0,0,0,0,0,0,0,0,0,0,0,0.001687764,0,0,0,0,0.000843882,0,0,0.000843882,0,0,0
3D10,125.000083,-234.208826,225.42897,20,0.000843882,0.767932489,0.071729958,0.151898734,0.002531646,0.000843882,0,0,0,0,0.001687764,0,0,0,0,0,0,0.000843882,0,0,0,0,0,0,0,0,0,0,0,0,0,0.000843882,0,0.000843882,0,0,0,0,0,0,0,0,0
3D11,105.512406,-220.123377,225.42897,20,0.000843882,0.916455696,0.058227848,0.024472574,0,0,0,0,0,0,0,0,0,0,0,0,0,0,0,0,0,0,0,0,0,0,0,0,0,0,0,0,0,0,0,0,0,0,0,0,0,0,0
3D12,79.635013,-193.037704,225.42897,20,0.000843882,0.923206751,0.044725738,0.031223629,0,0,0,0,0,0,0,0,0,0,0,0,0,0,0,0,0,0,0,0,0,0,0,0,0,0,0,0,0,0,0,0,0,0,0,0,0,0,0
3.00E+01,76.353363,-156.078781,225.42897,20,0.001687764,0.791561181,0.063291139,0.137552743,0,0.000843882,0.000843882,0,0.000843882,0.000843882,0,0,0,0,0,0,0,0,0,0,0,0,0,0,0,0,0,0,0,0,0,0,0,0,0,0,0,0.001687764,0,0.000843882,0,0,0
3.00E+02,87.595964,-131.771873,225.42897,20,0.000843882,0.864135021,0.050632911,0.08185654,0,0,0,0,0,0,0,0,0,0,0,0,0,0.001687764,0,0,0,0,0,0,0,0,0,0,0,0,0,0,0,0,0,0,0.000843882,0,0,0,0,0,0
3.00E+03,148.502755,-218.366078,225.42897,20,0,0.774683544,0.016033755,0.204219409,0,0,0,0,0,0,0,0,0,0,0,0,0,0,0,0.000843882,0,0,0,0,0,0,0,0,0,0,0,0,0,0,0,0,0,0,0,0.004219409,0,0,0
3.00E+04,138.784471,-197.138231,225.42897,20,0.001687764,0.92742616,0.057383966,0.01350211,0,0,0,0,0,0,0,0,0,0,0,0,0,0,0,0,0,0,0,0,0,0,0,0,0,0,0,0,0,0,0,0,0,0,0,0,0,0,0
3.00E+05,126.581433,-166.063934,225.42897,20,0.002531646,0.892827004,0.066666667,0.029535865,0.005063291,0.000843882,0,0,0,0,0.000843882,0,0,0,0,0,0.000843882,0,0,0.000843882,0,0,0,0,0,0,0,0,0,0,0,0,0,0,0,0,0,0,0,0,0,0,0
3.00E+06,125.252607,-146.299085,225.42897,20,0.000843882,0.721518987,0.065822785,0.210970464,0,0,0,0,0,0,0,0,0,0,0,0,0,0,0,0,0,0,0,0,0,0,0,0,0,0,0,0,0,0,0,0,0,0,0,0.000843882,0,0,0
3.00E+07,120.660866,-122.58996,225.42897,20,0.000843882,0.653164557,0.03628692,0.302953586,0.002531646,0,0,0,0,0.001687764,0,0,0,0.000843882,0,0,0,0,0,0,0,0,0,0,0,0,0,0,0,0,0,0,0,0,0,0,0,0,0,0.001687764,0,0,0
3.00E+08,145.101624,-217.189387,268.822873,20,0.000843882,0.905485232,0.073417722,0.020253165,0,0,0,0,0,0,0,0,0,0,0,0,0,0,0,0,0,0,0,0,0,0,0,0,0,0,0,0,0,0,0,0,0,0,0,0,0,0,0
3.00E+09,124.239265,-216.477417,268.822873,20,0.000843882,0.897890295,0.062447257,0.037974684,0,0,0,0,0,0,0,0,0,0,0,0,0,0,0,0,0,0,0,0,0,0,0,0,0,0,0,0,0,0,0,0,0,0,0,0.000843882,0,0,0
3.00E+10,105.092888,-205.248759,268.822873,20,0,0.910548523,0.06835443,0.021097046,0,0,0,0,0,0,0,0,0,0,0,0,0,0,0,0,0,0,0,0,0,0,0,0,0,0,0,0,0,0,0,0,0,0,0,0,0,0,0
3.00E+11,94.827994,-196.819772,268.822873,20,0.000843882,0.910548523,0.058227848,0.030379747,0,0,0,0,0,0,0,0,0,0,0,0,0,0,0,0,0,0,0,0,0,0,0,0,0,0,0,0,0,0,0,0,0,0,0,0,0,0,0
3.00E+12,85.67253,-174.565305,268.822873,20,0.004219409,0.795780591,0.052320675,0.145991561,0,0,0,0,0,0,0,0,0.000843882,0,0,0,0,0,0,0,0,0,0,0,0,0,0,0,0,0,0,0,0,0,0,0,0,0,0,0.000843882,0,0,0
3F1,86.139699,-150.323387,268.822873,20,0.000843882,0.827848101,0.060759494,0.108860759,0.000843882,0,0,0,0,0,0,0,0,0,0,0,0,0,0,0.000843882,0,0,0,0,0,0,0,0,0,0,0,0,0,0,0,0,0,0,0,0,0,0,0
3F2,153.343269,-193.925036,268.822873,20,0.003375527,0.928270042,0.058227848,0.010126582,0,0,0,0,0,0,0,0,0,0,0,0,0,0,0,0,0,0,0,0,0,0,0,0,0,0,0,0,0,0,0,0,0,0,0,0,0,0,0
3F3,139.952737,-178.64186,268.822873,20,0.001687764,0.92742616,0.062447257,0.007594937,0,0,0,0,0,0,0,0,0,0,0,0,0,0.000843882,0,0,0,0,0,0,0,0,0,0,0,0,0,0,0,0,0,0,0,0,0,0,0,0,0
3F4,127.759923,-167.566655,268.822873,20,0.002531646,0.908860759,0.080168776,0.008438819,0,0,0,0,0,0,0,0,0,0,0,0,0,0,0,0,0,0,0,0,0,0,0,0,0,0,0,0,0,0,0,0,0,0,0,0,0,0,0
3F5,118.545363,-149.630776,268.822873,20,0.005907173,0.84978903,0.04978903,0.093670886,0,0,0,0,0,0,0,0,0,0,0,0,0,0,0,0,0,0,0,0,0,0,0,0,0,0,0,0,0,0,0,0,0,0,0,0.000843882,0,0,0
3F6,106.711847,-136.25269,268.822873,20,0.001687764,0.937552743,0.026160338,0.032911392,0,0,0,0,0,0,0,0,0,0,0,0,0,0,0,0.000843882,0,0,0,0,0,0,0,0,0,0,0,0,0,0,0,0,0,0,0,0.000843882,0,0,0
3F7,205.304274,-98.383802,68.686894,20,0.000843882,0.924894515,0.071729958,0.002531646,0,0,0,0,0,0,0,0,0,0,0,0,0,0,0,0,0,0,0,0,0,0,0,0,0,0,0,0,0,0,0,0,0,0,0,0,0,0,0
3F8,238.089038,-98.833137,68.686894,20,0.003375527,0.922362869,0.06835443,0.003375527,0,0,0,0,0,0,0,0,0,0,0,0,0,0,0,0,0,0.000843882,0,0,0,0,0.001687764,0,0,0,0,0,0,0,0,0,0,0,0,0,0,0,0
3F9,269.388687,-115.926832,68.686894,20,0,0.946835443,0.051476793,0.000843882,0,0,0,0,0,0,0,0,0,0,0,0,0,0.000843882,0,0,0,0,0,0,0,0,0,0,0,0,0,0,0,0,0,0,0,0,0,0,0,0,0
3F10,194.1577,-110.943245,68.686894,20,0,0.919831224,0.078481013,0.001687764,0,0,0,0,0,0,0,0,0,0,0,0,0,0,0,0,0,0,0,0,0,0,0,0,0,0,0,0,0,0,0,0,0,0,0,0,0,0,0
3F11,244.135868,-121.436198,68.686894,20,0.001687764,0.935021097,0.061603376,0,0.000843882,0,0,0,0,0,0,0,0,0,0,0,0,0,0,0.000843882,0,0,0,0,0,0,0,0,0,0,0,0,0,0,0,0,0,0,0,0,0,0,0
3F12,274.369219,-156.962591,68.686894,20,0.000843882,0.945147679,0.054008439,0,0,0,0,0,0,0,0,0,0,0,0,0,0,0,0,0,0,0,0,0,0,0,0,0,0,0,0,0,0,0,0,0,0,0,0,0,0,0,0
3G1,194.291751,-132.868201,68.686894,20,0.000843882,0.928270042,0.070042194,0.000843882,0,0,0,0,0,0,0,0,0,0,0,0,0,0,0,0,0,0,0,0,0,0,0,0,0,0,0,0,0,0,0,0,0,0,0,0,0,0,0
3G2,219.22319,-132.271561,68.686894,20,0,0.934177215,0.065822785,0,0,0,0,0,0,0,0,0,0,0,0,0,0,0,0,0,0,0,0,0,0,0,0,0,0,0,0,0,0,0,0,0,0,0,0,0,0,0,0
3G3,238.567665,-159.707061,68.686894,20,0,0.932489451,0.066666667,0.000843882,0,0,0,0,0,0,0,0,0,0,0,0,0,0,0,0,0,0,0,0,0,0,0,0,0,0,0,0,0,0,0,0,0,0,0,0,0,0,0
3G4,262.439465,-202.810607,68.686894,20,0.002531646,0.938396624,0.053164557,0.005907173,0,0,0,0,0,0,0,0,0,0,0,0,0,0,0,0,0,0,0,0,0,0,0,0,0,0,0,0,0,0,0,0,0,0,0,0,0,0,0
3G5,267.046493,-221.228815,68.686894,20,0.005063291,0.924894515,0.062447257,0.005907173,0,0,0,0,0,0,0,0,0,0,0,0,0,0,0,0.000843882,0,0,0,0,0,0,0.000843882,0,0,0,0,0,0,0,0,0,0,0,0,0,0,0,0
3G6,214.473761,-156.144726,68.686894,20,0.000843882,0.947679325,0.048101266,0.003375527,0,0,0,0,0,0,0,0,0,0,0,0,0,0,0,0,0,0,0,0,0,0,0,0,0,0,0,0,0,0,0,0,0,0,0,0,0,0,0
3G7,247.713062,-187.5132,68.686894,20,0.001687764,0.923206751,0.067510549,0.005907173,0,0,0,0,0,0,0,0,0,0,0,0,0,0,0,0,0,0,0,0,0,0,0.001687764,0,0,0,0,0,0,0,0,0,0,0,0,0,0,0,0
3G8,222.438894,-94.604273,124.939651,20,0,0.926582278,0.070886076,0.002531646,0,0,0,0,0,0,0,0,0,0,0,0,0,0,0,0,0,0,0,0,0,0,0,0,0,0,0,0,0,0,0,0,0,0,0,0,0,0,0
3G9,265.803824,-126.955399,124.939651,20,0.001687764,0.922362869,0.063291139,0.011814346,0,0,0,0,0,0,0,0,0,0,0,0,0,0.000843882,0,0,0,0,0,0,0,0,0,0,0,0,0,0,0,0,0,0,0,0,0,0,0,0,0
3G11,268.878296,-219.776062,124.939651,20,0.004219409,0.90464135,0.085232068,0.002531646,0,0,0,0,0,0,0,0,0,0,0,0,0,0.000843882,0,0,0,0,0,0,0,0,0.002531646,0,0,0,0,0,0,0,0,0,0,0,0,0,0,0,0
3G12,242.855988,-249.408859,124.939651,20,0.005907173,0.919831224,0.070042194,0.003375527,0,0,0,0,0.000843882,0,0,0,0,0,0,0,0,0,0,0,0,0,0,0,0,0,0,0,0,0,0,0,0,0,0,0,0,0,0,0,0,0,0
3H1,189.159531,-115.517113,124.939651,20,0.000843882,0.929957806,0.066666667,0.002531646,0,0,0,0,0,0,0,0,0,0,0,0,0,0,0,0,0,0,0,0,0,0,0,0,0,0,0,0,0,0,0,0,0,0,0,0,0,0,0
3H2,217.85125,-146.317094,124.939651,20,0.005063291,0.924050633,0.070042194,0,0,0,0,0,0,0,0,0,0,0,0,0,0,0.000843882,0,0,0,0,0,0,0,0,0,0,0,0,0,0,0,0,0,0,0,0,0,0,0,0,0
3H3,235.607712,-174.103073,124.939651,20,0.004219409,0.929957806,0.060759494,0.002531646,0,0,0.000843882,0,0,0,0,0,0,0,0,0,0,0,0,0.001687764,0,0,0,0,0,0,0,0,0,0,0,0,0,0,0,0,0,0,0,0,0,0,0
3H4,240.282913,-216.48132,124.939651,20,0.000843882,0.929113924,0.063291139,0.005907173,0,0.000843882,0,0,0,0,0,0,0,0,0,0,0,0,0,0,0,0,0,0,0,0,0,0,0,0,0,0,0,0,0,0,0,0,0,0,0,0,0
3H5,188.128437,-170.308514,124.939651,20,0.001687764,0.928270042,0.061603376,0.008438819,0,0,0,0,0,0,0,0,0,0,0,0,0,0,0,0,0,0,0,0,0,0,0,0,0,0,0,0,0,0,0,0,0,0,0,0,0,0,0
3H6,218.84851,-197.266296,124.939651,20,0.002531646,0.926582278,0.070042194,0.000843882,0,0,0,0,0,0,0,0,0,0,0,0,0,0,0,0,0,0,0,0,0,0,0,0,0,0,0,0,0,0,0,0,0,0,0,0,0,0,0
4A3,271.180723,-165.1228,177.793755,20,0.002531646,0.921518987,0.064978903,0.003375527,0.002531646,0.000843882,0,0,0.000843882,0,0,0,0,0,0.000843882,0,0.001687764,0,0,0,0,0,0,0,0,0,0.000843882,0,0,0,0,0,0,0,0,0,0,0,0,0,0,0,0
4A4,271.302557,-194.890663,177.793755,20,0.001687764,0.941772152,0.050632911,0.005063291,0,0,0,0,0,0,0,0.000843882,0,0,0,0,0,0,0,0,0,0,0,0,0,0,0,0,0,0,0,0,0,0,0,0,0,0,0,0,0,0,0
4A5,254.178284,-230.564194,177.793755,20,0.000843882,0.93164557,0.066666667,0.000843882,0,0,0,0,0,0,0,0,0,0,0,0,0,0,0,0,0,0,0,0,0,0,0,0,0,0,0,0,0,0,0,0,0,0,0,0,0,0,0
4A6,209.778646,-250.919797,177.793755,20,0.000843882,0.918987342,0.056540084,0.000843882,0,0,0,0,0,0,0,0,0,0,0,0,0,0,0,0.001687764,0,0,0,0,0.0092827,0,0.007594937,0,0,0,0,0,0,0,0,0,0.004219409,0,0,0,0,0,0
4A7,196.257271,-141.773107,177.793755,20,0,0.929113924,0.064135021,0.006751055,0,0,0,0,0,0,0,0,0,0,0,0,0,0,0,0,0,0,0,0,0,0,0,0,0,0,0,0,0,0,0,0,0,0,0,0,0,0,0
4A9,225.78462,-198.806978,177.793755,20,0.000843882,0.944303797,0.051476793,0.003375527,0,0,0,0,0,0,0,0,0,0,0,0,0,0,0,0,0,0,0,0,0,0,0,0,0,0,0,0,0,0,0,0,0,0,0,0,0,0,0
4A11,228.314691,-115.68447,229.403382,20,0.001687764,0.925738397,0.05907173,0.010970464,0,0,0,0,0,0,0,0,0,0,0,0,0,0.000843882,0,0,0,0,0,0,0,0,0.001687764,0,0,0,0,0,0,0,0,0,0,0,0,0,0,0,0
4A12,250.094273,-136.908171,229.403382,20,0.000843882,0.930801688,0.054008439,0.008438819,0,0.000843882,0,0,0,0,0,0,0.001687764,0,0,0,0.000843882,0,0,0,0,0,0,0,0,0,0,0,0,0,0,0,0,0,0,0,0,0.002531646,0,0,0,0,0
4B1,269.451514,-165.11082,229.403382,20,0,0.773839662,0.055696203,0.057383966,0.057383966,0.026160338,0,0.001687764,0.011814346,0,0,0.005063291,0,0,0,0,0.000843882,0.000843882,0,0,0,0.003375527,0,0.003375527,0,0,0.000843882,0,0,0,0.001687764,0,0,0,0,0,0,0,0,0,0,0,0
4B4,217.906679,-236.804025,229.403382,20,0.000843882,0.909704641,0.079324895,0,0,0,0,0,0,0,0,0,0,0,0.000843882,0.001687764,0,0,0,0.000843882,0,0,0,0,0.003375527,0,0.001687764,0,0,0,0,0,0,0,0,0,0,0,0.001687764,0,0,0,0
4B7,221.28897,-166.625171,229.403382,20,0.001687764,0.926582278,0.069198312,0.002531646,0,0,0,0,0,0,0,0,0,0,0,0,0,0,0,0,0,0,0,0,0,0,0,0,0,0,0,0,0,0,0,0,0,0,0,0,0,0,0
4B8,217.032443,-203.018544,229.403382,20,0.002531646,0.933333333,0.055696203,0.005063291,0.000843882,0,0,0,0,0,0,0,0,0,0,0,0,0.000843882,0,0,0,0,0.000843882,0,0,0,0,0,0,0,0,0,0,0,0,0,0,0.000843882,0,0,0,0,0
4B10,168.015495,-231.841048,229.403382,20,0,0.942616034,0.043037975,0.0092827,0,0,0,0,0,0,0,0,0,0,0.001687764,0,0,0,0,0.000843882,0,0,0,0,0,0,0.002531646,0,0,0,0,0,0,0,0,0,0,0,0,0,0,0,0
4B11,222.157812,-135.109976,283.590152,20,0.003375527,0.902109705,0.07257384,0.020253165,0.000843882,0,0.000843882,0,0,0,0,0,0,0,0,0,0,0,0,0,0,0,0,0,0,0,0,0,0,0,0,0,0,0,0,0,0,0,0,0,0,0,0
4B12,245.005732,-145.521995,283.590152,20,0.000843882,0.870886076,0.080168776,0.042194093,0,0.003375527,0.002531646,0,0,0,0,0,0,0,0,0,0,0,0,0,0,0,0,0,0,0,0,0,0,0,0,0,0,0,0,0,0,0,0,0,0,0,0
4C1,263.098852,-167.682427,283.590152,20,0.001687764,0.869198312,0.062447257,0.034599156,0.011814346,0.008438819,0,0.000843882,0.003375527,0,0,0.000843882,0,0,0,0,0,0.000843882,0,0.000843882,0,0.001687764,0,0,0,0,0,0,0,0,0,0,0,0,0,0,0,0,0.003375527,0,0,0,0
4C2,254.713148,-191.440881,283.590152,20,0.010970464,0.886919831,0.064978903,0.012658228,0.010126582,0.007594937,0.002531646,0,0.001687764,0,0,0,0,0,0.001687764,0,0,0,0,0,0,0,0,0,0,0,0,0,0,0,0,0,0,0,0,0,0.000843882,0,0,0,0,0,0
4C3,234.551847,-202.749944,283.590152,20,0.001687764,0.916455696,0.064135021,0.017721519,0,0,0,0,0,0,0,0,0,0,0,0,0,0,0,0,0,0,0,0,0,0,0,0,0,0,0,0,0,0,0,0,0,0,0,0,0,0,0
4C4,198.791631,-151.710928,283.590152,20,0.000843882,0.886075949,0.06835443,0.037974684,0,0.000843882,0,0,0.000843882,0,0,0,0,0,0,0,0,0.001687764,0,0,0,0,0,0,0,0,0,0,0,0,0,0,0,0,0,0,0.003375527,0,0,0,0,0,0
4C5,217.810464,-155.723874,283.590152,20,0.004219409,0.908860759,0.060759494,0.021097046,0,0,0.001687764,0,0,0,0,0,0,0,0,0,0,0,0,0.000843882,0,0,0,0,0,0,0,0,0,0,0,0,0,0,0,0,0,0,0.002531646,0,0,0,0
4C6,225.285964,-168.388357,283.590152,20,0.001687764,0.914767932,0.058227848,0.023628692,0,0,0,0,0,0,0,0,0,0,0,0,0,0,0,0,0,0,0,0,0,0,0,0,0,0,0,0,0,0,0,0,0,0.001687764,0,0,0,0,0
4C7,223.124878,-181.633218,283.590152,20,0.002531646,0.878481013,0.067510549,0.050632911,0,0.000843882,0,0,0,0,0,0,0,0,0,0,0,0,0,0,0,0,0,0,0,0,0,0,0,0,0,0,0,0,0,0,0,0,0,0,0,0,0
4C8,216.12753,-192.566761,283.590152,20,0.000843882,0.929113924,0.055696203,0.01350211,0,0,0,0,0,0,0,0,0,0,0,0,0,0,0,0,0,0,0,0,0,0,0,0,0,0,0,0,0,0,0,0,0,0,0,0.000843882,0,0,0
4C9,208.835643,-206.100347,283.590152,20,0.005907173,0.932489451,0.041350211,0.01350211,0.000843882,0,0,0,0,0,0,0,0.001687764,0,0,0,0,0,0,0.002531646,0,0,0,0,0,0,0.001687764,0,0,0,0,0,0,0,0,0,0,0,0,0,0,0,0
